{
    "discounted_return": [
        0.18025974313146148, 
        0.2716426895808001, 
        0.27358618805281343, 
        0.25431491129580314, 
        0.2779397833857702, 
        0.2674843749363303, 
        0.2677364733226128, 
        0.32847202583805957, 
        0.22041985388116167, 
        0.28177987522993475, 
        0.3054629999560969
    ], 
    "learning_episode": [
        0, 
        1, 
        1, 
        1, 
        1, 
        1, 
        1, 
        1, 
        1, 
        1, 
        1
    ], 
    "learning_steps": [
        0, 
        2, 
        4, 
        6, 
        8, 
        10, 
        12, 
        14, 
        16, 
        18, 
        20
    ], 
    "learning_time": [
        0, 
        0.0016340000000001353, 
        0.0028680000000003147, 
        0.0040470000000008, 
        0.0053360000000006735, 
        0.006521000000000221, 
        0.007770999999999084, 
        0.009031000000001121, 
        0.010236999999997387, 
        0.011451000000001876, 
        0.01264900000000413
    ], 
    "num_features": [
        242, 
        242, 
        242, 
        242, 
        242, 
        242, 
        242, 
        242, 
        242, 
        242, 
        242
    ], 
    "return": [
        1.771, 
        1.8044599999999997, 
        1.7636600000000004, 
        1.7683300000000002, 
        1.8016299999999998, 
        1.8413899999999996, 
        1.8019599999999993, 
        1.7723899999999997, 
        1.7981199999999995, 
        1.8472400000000002, 
        1.7533999999999994
    ], 
    "seed": 1, 
    "steps": [
        170.94, 
        157.5, 
        158.26, 
        163.6, 
        150.32, 
        130.58, 
        139.98, 
        159.54, 
        123.8, 
        114.72, 
        148.5
    ], 
    "terminated": [
        0.94, 
        0.96, 
        0.93, 
        0.94, 
        0.96, 
        0.97, 
        0.96, 
        0.93, 
        0.95, 
        0.96, 
        0.93
    ]
}