{
    "discounted_return": [
        -0.7923324909253818, 
        -0.03822066181653381, 
        0.12959579941802474, 
        0.13633211547848673, 
        0.20350316427090234, 
        0.17017640816805596, 
        0.19359513475195983, 
        0.15002931836826394, 
        0.18057315661096837, 
        0.12572673818324603, 
        0.18784622799807038
    ], 
    "learning_episode": [
        0, 
        20, 
        24, 
        35, 
        43, 
        50, 
        63, 
        69, 
        78, 
        85, 
        94
    ], 
    "learning_steps": [
        0, 
        200, 
        400, 
        600, 
        800, 
        1000, 
        1200, 
        1400, 
        1600, 
        1800, 
        2000
    ], 
    "learning_time": [
        0, 
        0.10748800000000003, 
        0.2152700000000003, 
        0.31996600000000086, 
        0.4257730000000004, 
        0.5353150000000015, 
        0.6394720000000005, 
        0.7445390000000005, 
        0.8494080000000013, 
        0.9527300000000016, 
        1.0580950000000025
    ], 
    "num_features": [
        20, 
        20, 
        20, 
        20, 
        20, 
        20, 
        20, 
        20, 
        20, 
        20, 
        20
    ], 
    "return": [
        -0.8847200000000001, 
        1.2378299999999998, 
        1.16737, 
        1.1071300000000002, 
        1.2572399999999997, 
        1.1387599999999996, 
        1.3142699999999996, 
        1.1070499999999999, 
        1.257, 
        1.0749999999999995, 
        1.1686399999999997
    ], 
    "seed": 1, 
    "steps": [
        5.76, 
        43.93, 
        24.36, 
        24.58, 
        24.52, 
        22.96, 
        27.51, 
        24.66, 
        24.76, 
        26.7, 
        23.09
    ], 
    "terminated": [
        1.0, 
        1.0, 
        1.0, 
        1.0, 
        1.0, 
        1.0, 
        1.0, 
        1.0, 
        1.0, 
        1.0, 
        1.0
    ]
}