{
    "discounted_return": [
        -0.008143616228164334, 
        -0.009999999282780801, 
        -0.009560440477944233, 
        0.03497307020950567, 
        0.017328616575686802, 
        0.011846898195052297, 
        0.02902622159694848, 
        0.060439826393364725, 
        0.13718951614911234, 
        0.00747283784190215, 
        -0.00040805562025324584, 
        0.02912113066281965, 
        0.06354616658035926, 
        0.2259576106724837, 
        0.19641724776800668, 
        0.01186430949343271, 
        0.035006338628610634, 
        0.1865267074808295, 
        0.18228484396077801, 
        0.2433841595330096, 
        0.11167747617816111
    ], 
    "learning_episode": [
        0, 
        3, 
        5, 
        7, 
        9, 
        11, 
        13, 
        15, 
        17, 
        19, 
        21, 
        23, 
        25, 
        27, 
        29, 
        31, 
        34, 
        36, 
        38, 
        40, 
        42
    ], 
    "learning_steps": [
        0, 
        500, 
        1000, 
        1500, 
        2000, 
        2500, 
        3000, 
        3500, 
        4000, 
        4500, 
        5000, 
        5500, 
        6000, 
        6500, 
        7000, 
        7500, 
        8000, 
        8500, 
        9000, 
        9500, 
        10000
    ], 
    "learning_time": [
        0, 
        0.2795559999999999, 
        0.5646300000000002, 
        0.870495, 
        1.158721, 
        1.4437169999999995, 
        1.732061999999999, 
        2.0251089999999987, 
        2.3050479999999993, 
        2.5936749999999993, 
        2.8733380000000004, 
        3.1578170000000014, 
        3.4461720000000007, 
        3.7334750000000003, 
        4.018433, 
        4.306199000000001, 
        4.602131000000002, 
        4.885328000000003, 
        5.173329000000001, 
        5.45998, 
        5.763797000000002
    ], 
    "num_features": [
        242, 
        242, 
        242, 
        242, 
        242, 
        242, 
        242, 
        242, 
        242, 
        242, 
        242, 
        242, 
        242, 
        242, 
        242, 
        242, 
        242, 
        242, 
        242, 
        242, 
        242
    ], 
    "return": [
        0.5626999999999998, 
        -0.1419000000000002, 
        0.8611999999999996, 
        0.7589999999999997, 
        0.7589999999999997, 
        0.7589999999999997, 
        0.7589999999999997, 
        0.7589999999999997, 
        0.7589999999999997, 
        0.7589999999999997, 
        0.7589999999999997, 
        0.7589999999999997, 
        0.7589999999999997, 
        0.7589999999999997, 
        0.7589999999999997, 
        0.7589999999999997, 
        0.7589999999999997, 
        0.7589999999999997, 
        0.7589999999999997, 
        0.7589999999999997, 
        0.7589999999999997
    ], 
    "seed": 1, 
    "steps": [
        238.1, 
        242.0, 
        239.9, 
        242.0, 
        242.0, 
        242.0, 
        242.0, 
        242.0, 
        242.0, 
        242.0, 
        242.0, 
        242.0, 
        242.0, 
        242.0, 
        242.0, 
        242.0, 
        242.0, 
        242.0, 
        242.0, 
        242.0, 
        242.0
    ], 
    "terminated": [
        0.1, 
        0.0, 
        0.1, 
        0.0, 
        0.0, 
        0.0, 
        0.0, 
        0.0, 
        0.0, 
        0.0, 
        0.0, 
        0.0, 
        0.0, 
        0.0, 
        0.0, 
        0.0, 
        0.0, 
        0.0, 
        0.0, 
        0.0, 
        0.0
    ]
}